{
    "pcb_components": [
        {
            "name": "component_1",
            "cobot_JointSpace": [
                1.3020254373550415,
                -1.1109026831439515,
                1.6849411169635218,
                4.105233831996582,
                4.679280757904053,
                3.996241331100464
            ],
            "tool_position_xyz": [
                0.04178622293946452,
                0.6326612462612612,
                0.23342033597617962
            ],
            "tool_orientation_xyzw": [
                0.5331178755963005,
                0.8456208834252711,
                0.02245039369994463,
                0.014374701995839092
            ],
            "Heat_duration": 10
        },
        {
            "name": "component_2",
            "cobot_JointSpace": [
                1.3120622634887695,
                -1.066280559902527,
                1.6059864203082483,
                4.1055309015461425,
                4.679304599761963,
                3.996320962905884
            ],
            "tool_position_xyz": [
                0.04238119008830912,
                0.6592838726639614,
                0.23962143046390993
            ],
            "tool_orientation_xyzw": [
                0.5289008683260863,
                0.8477437055601231,
                0.03882530258679674,
                0.009331508246104188
            ],
            "Heat_duration": 10
        },
        {
            "name": "component_3",
            "cobot_JointSpace": [
                1.3201143741607666,
                -0.9694700998118897,
                1.4745214621173304,
                4.105538054103516,
                4.6792521476745605,
                3.996361255645752
            ],
            "tool_position_xyz": [
                0.048248294068887615,
                0.7031378764913386,
                0.23354483968861797
            ],
            "tool_orientation_xyzw": [
                0.5253211188696228,
                0.8490855743499025,
                0.055444951229145535,
                0.004155343988346585
            ],
            "Heat_duration": 10
        },
        {
            "name": "component_4",
            "cobot_JointSpace": [
                1.3337454795837402,
                -0.8962654036334534,
                1.3494475523578089,
                4.105574293727539,
                4.679326057434082,
                3.9963419437408447
            ],
            "tool_position_xyz": [
                0.04781669852106546,
                0.7414882846685895,
                0.23884739622508175
            ],
            "tool_orientation_xyzw": [
                -0.519046365467424,
                -0.8509729482444939,
                -0.08012250523663904,
                0.00403683115032434
            ],
            "Heat_duration": 10
        },
        {
            "name": "component_5",
            "cobot_JointSpace": [
                1.3538028001785278,
                -1.0341527622989197,
                1.571069065724508,
                4.105607195491455,
                4.679247856140137,
                3.99629545211792
            ],
            "tool_position_xyz": [
                0.01760276565323801,
                0.6728531191874078,
                0.2340458785712209
            ],
            "tool_orientation_xyzw": [
                0.5110875023433687,
                0.8585426365225871,
                0.04034947332206021,
                0.008125652213480732
            ],
            "Heat_duration": 10
        },
        {
            "name": "component_6",
            "cobot_JointSpace": [
                1.4018455743789673,
                -0.9461839360049744,
                1.4344223181353968,
                4.10555808126416,
                4.679271697998047,
                3.996333122253418
            ],
            "tool_position_xyz": [
                -0.007136066841684814,
                0.7172689761339809,
                0.23541798671645012
            ],
            "tool_orientation_xyzw": [
                -0.49012426062382397,
                -0.8693429206935115,
                -0.06340572909617005,
                0.0008993919102300136
            ],
            "Heat_duration": 10
        },
        {
            "name": "component_7",
            "cobot_JointSpace": [
                1.4122925996780396,
                -0.8830340069583436,
                1.3184130827533167,
                4.185640020961426,
                4.680088043212891,
                3.996293783187866
            ],
            "tool_position_xyz": [
                -0.010253041316135069,
                0.7449172452370776,
                0.23465537237511577
            ],
            "tool_orientation_xyzw": [
                0.4858286317600317,
                0.8725853601930522,
                0.050554154612164545,
                0.003099546803348118
            ],
            "Heat_duration": 10
        }
    ],
    "Safety_configs": [
        {
            "name": "safety_1",
            "safety_tool_position_xyz": [
                -0.27609678207290533,
                0.4955002005953902,
                0.31480608592913356
            ],
            "safety_tool_orientation_xyzw": [
                0.11812070863415534,
                0.9909370566785419,
                0.05535233383669478,
                0.032052566696978584
            ],
            "safety_cobot_JointSpace": [
                1.833051176071167,
                -1.3487024170211335,
                1.7975404898272913,
                4.188736124629639,
                4.616519927978516,
                3.666069269180298
            ]
        },
        {
            "name": "safety_2",
            "safety_tool_position_xyz": [
                -0.27668849801663314,
                0.7064460348946622,
                0.29274108488037387
            ],
            "safety_tool_orientation_xyzw": [
                -0.2315384082002002,
                -0.972756040418103,
                -0.010235006059562134,
                0.005558417865933464
            ],
            "safety_cobot_JointSpace": [
                1.769537329673767,
                -0.8932259839824219,
                1.1580293814288538,
                4.425952120418213,
                4.721826076507568,
                3.805079460144043
            ]
        }
    ]
}