{
    "pcb_components": [
        {
            "name": "component_1",
            "cobot_JointSpace": [
                1.4113855361938477,
                -1.3846575927785416,
                2.099984947835104,
                3.887599154109619,
                4.6654372215271,
                3.488895893096924
            ],
            "tool_position_xyz": [
                -0.04822800757510614,
                0.4987039992926894,
                0.2342950089383268
            ],
            "tool_orientation_xyzw": [
                0.2513914975656603,
                0.9659202593680737,
                0.05782169166291244,
                0.021378013641284988
            ],
            "Heat_duration": 3
        },
        {
            "name": "component_2",
            "cobot_JointSpace": [
                1.4201117753982544,
                -1.3182344001582642,
                2.019083801900045,
                3.8879033762165527,
                4.665510654449463,
                3.488940954208374
            ],
            "tool_position_xyz": [
                -0.04761346199330075,
                0.5303467093346543,
                0.23397231050002115
            ],
            "tool_orientation_xyzw": [
                0.24726391816519566,
                0.9665544142771952,
                0.06489590340159755,
                0.020533892386834243
            ],
            "Heat_duration": 3
        },
        {
            "name": "component_3",
            "cobot_JointSpace": [
                1.4331579208374023,
                -1.2268806260875245,
                1.8993542830096644,
                3.8942248064228515,
                4.665501594543457,
                3.488986015319824
            ],
            "tool_position_xyz": [
                -0.04814135924992065,
                0.5752717450550625,
                0.23362639878616218
            ],
            "tool_orientation_xyzw": [
                0.24104655532788868,
                0.9673487908100158,
                0.07596381757094649,
                0.01903611050103301
            ],
            "Heat_duration": 3
        },
        {
            "name": "component_4",
            "cobot_JointSpace": [
                1.4802229404449463,
                -1.2777556639960785,
                1.9673078695880335,
                3.8942252832600097,
                4.665521144866943,
                3.4889020919799805
            ],
            "tool_position_xyz": [
                -0.07758114403012639,
                0.5462767400263617,
                0.23329437359923655
            ],
            "tool_orientation_xyzw": [
                0.21811973882769484,
                0.9733806412359753,
                0.06796820346261102,
                0.018281961569940094
            ],
            "Heat_duration": 3
        },
        {
            "name": "component_5",
            "cobot_JointSpace": [
                1.4490504264831543,
                -1.1287673872760315,
                1.7730711142169397,
                3.8942133623310546,
                4.665529727935791,
                3.488886833190918
            ],
            "tool_position_xyz": [
                -0.05141326799467594,
                0.6216960044063836,
                0.22967445694776872
            ],
            "tool_orientation_xyzw": [
                0.2333850428075868,
                0.9680462868122014,
                0.0901684067751564,
                0.016954845986911937
            ],
            "Heat_duration": 3
        },
        {
            "name": "component_6",
            "cobot_JointSpace": [
                1.531836748123169,
                -1.180582658653595,
                1.8362491766559046,
                3.8942767816730957,
                4.665497303009033,
                3.4889488220214844
            ],
            "tool_position_xyz": [
                -0.10359932978614901,
                0.591549887653165,
                0.23364884936607744
            ],
            "tool_orientation_xyzw": [
                0.19307985403665104,
                0.9773868153928331,
                0.08507854764325025,
                0.014029390305946235
            ],
            "Heat_duration": 3
        },
        {
            "name": "component_7",
            "cobot_JointSpace": [
                1.532012939453125,
                -1.113753692512848,
                1.7607234160052698,
                3.8942476946064453,
                4.665514945983887,
                3.4889185428619385
            ],
            "tool_position_xyz": [
                -0.10257749715370892,
                0.6201717641392008,
                0.22571442832410313
            ],
            "tool_orientation_xyzw": [
                0.19301741018387114,
                0.977020613398363,
                0.0894074637368225,
                0.0134649838004524
            ],
            "Heat_duration": 3
        }
    ],
    "Safety_configs": [
        {
            "name": "safety_1",
            "safety_tool_position_xyz": [
                -0.27609678207290533,
                0.4955002005953902,
                0.31480608592913356
            ],
            "safety_tool_orientation_xyzw": [
                0.11812070863415534,
                0.9909370566785419,
                0.05535233383669478,
                0.032052566696978584
            ],
            "safety_cobot_JointSpace": [
                1.833051176071167,
                -1.3487024170211335,
                1.7975404898272913,
                4.188736124629639,
                4.616519927978516,
                3.666069269180298
            ]
        },
        {
            "name": "safety_2",
            "safety_tool_position_xyz": [
                -0.27668849801663314,
                0.7064460348946622,
                0.29274108488037387
            ],
            "safety_tool_orientation_xyzw": [
                -0.2315384082002002,
                -0.972756040418103,
                -0.010235006059562134,
                0.005558417865933464
            ],
            "safety_cobot_JointSpace": [
                1.769537329673767,
                -0.8932259839824219,
                1.1580293814288538,
                4.425952120418213,
                4.721826076507568,
                3.805079460144043
            ]
        }
    ]
}